k,inertia,silhouette
2,7993.021659055462,0.4215909825802541
3,5134.695327193385,0.4033270972243748
4,3996.7808471138264,0.36331292587380176
5,3224.7325044274367,0.37021753678570685
6,2711.963308380332,0.3547094789326779
7,2402.0920561262196,0.3408910353892445
8,2161.197595124762,0.3230154266851753
9,1991.9149593605484,0.3202998286572265
10,1860.875521218804,0.309525968150691
